{
    "Xscale": -22.660932540893556,
    "Xscalecenter": 0.030208230018615724,
    "Yscale": -24.510513305664064,
    "Yscalecenter": -0.022222185507416726,
    "pixdeg": [
        1.0,
        1.0
    ]
}