{
    "Xscale": -22.20877456665039,
    "Xscalecenter": 0.029166627675294877,
    "Yscale": -24.67868995666504,
    "Yscalecenter": -0.044444311410188678,
    "pixdeg": [
        1.0,
        1.0
    ]
}