{
    "Xscale": -22.148544311523439,
    "Xscalecenter": -0.011145716533064843,
    "Yscale": -24.460905075073243,
    "Yscalecenter": -0.025740694254636766,
    "pixdeg": [
        1.0,
        1.0
    ]
}