{
    "Xscale": -22.380884170532228,
    "Xscalecenter": -0.01770831272006035,
    "Yscale": -24.4497127532959,
    "Yscalecenter": 0.016666661947965623,
    "pixdeg": [
        1.0,
        1.0
    ]
}