{
    "Xscale": -22.41568374633789,
    "Xscalecenter": 0.030208278447389604,
    "Yscale": -24.822771072387697,
    "Yscalecenter": -0.044444404542446139,
    "pixdeg": [
        1.0,
        1.0
    ]
}