{
    "Xscale": 3.648900032043457,
    "Xscalecenter": -0.050599999725818637,
    "Yscale": -3.6503000259399416,
    "Yscalecenter": -0.05700000002980232,
    "pixdeg": [
        53.130001068115237,
        52.97999954223633
    ]
}