{
    "Xscale":3.6454215250037114,
    "Xscalecenter":-0.027749999999999719,
    "Yscale":-3.6395171952970609,
    "Yscalecenter":-0.044300000000000228,
    "pixdeg":[53.13, 52.98]
}